Date,AAPL,BND,MSFT,SPY,TSLA
2024-01-03,-0.007487657187732366,0.0008190302631625457,-0.00072822427365693,-0.008166461995927854,-0.04013364984377277
2024-01-04,-0.012700093390791922,-0.004502173616000804,-0.007177566342041253,-0.0032212262064413855,-0.0021807686270334248
2024-01-05,-0.004013109496672662,-0.003014642598704098,-0.0005164319169604914,0.0013697729258461688,-0.0018492295892124089
2024-01-08,0.02417491077270406,0.004398651816196253,0.018871618043718286,0.01427568892208031,0.012463646412957274
2024-01-09,-0.0022634092583259102,-0.00013706970290883191,0.0029358104332248836,-0.0015169298328608916,-0.02283214932024613
2024-01-10,0.005671276480224474,-0.0017792991584568707,0.018574174935458432,0.005655556692972352,-0.004341182513256769
2024-01-11,-0.003222572281406766,0.005210536285920941,0.0048594495970586404,-0.00044085661730719483,-0.028725319101363445
2024-01-12,0.0017783194063349939,0.0020464731839269223,0.009983599030227497,0.0006928451315038053,-0.036660513098772496
2024-01-16,-0.012317092617514458,-0.007079006196413218,0.004633357730361887,-0.003671280024155399,0.004659894354722027
2024-01-17,-0.005173524216954384,-0.0023305682800758287,-0.002049746257496987,-0.005558673051844876,-0.019826295019532925
2024-01-18,0.03257053345242045,-0.001374515673303156,0.011297437412676636,0.008892799666647022,-0.017026203279914
2024-01-19,0.015533040096928907,0.0,0.012186776099091912,0.012466165858858957,0.0014630807600990448
2024-01-22,0.01216338223957858,0.001651368025744837,-0.005418071648957579,0.002114348770633878,-0.015976244642273096
2024-01-23,0.006653240170583441,-0.002335371264619357,0.006027647320546725,0.0029165084040065903,0.0016283349277841364
2024-01-24,-0.0034840202846806445,-0.0020656882672968058,0.00917516154530329,0.001093040505490528,-0.006263735117226887
2024-01-25,-0.0016966170625741794,0.004691366882320969,0.005738180247846669,0.00543901477549924,-0.12125293136804816
2024-01-26,-0.009012656450872458,-0.0015108627161150023,-0.0023217100360516385,-0.0012704753555539128,0.0033948152034783963
2024-01-29,-0.0035860736599736542,0.003989408645556303,0.014334262410878429,0.007919482197699113,0.04190991910385411
2024-01-30,-0.019245781449119148,0.0017812337215410423,-0.0027579213334761876,-0.000773419393926944,0.0034567835721344142
2024-01-31,-0.019357476126910744,0.004239417580922389,-0.02694631933606184,-0.016317363108296012,-0.02244377647032414
2024-02-01,0.01334065070055912,0.006037017569660463,0.01559425576703255,0.013088056150336369,0.008382761388752824
2024-02-02,-0.005405132016539693,-0.008960410753169668,0.018425924502191382,0.010527424371234773,-0.0050301649114267155
2024-02-05,0.009846501391953977,-0.00794505034869919,-0.013545068623305068,-0.0036411007082581826,-0.03645365318513294
2024-02-06,0.00863181841817684,0.004695047896968729,-0.0003944980267063247,0.0029031149294440617,0.0223130928940527
2024-02-07,0.0005811826953829868,-0.0019244423707558411,0.021110260812899462,0.008340711722790273,0.013398139631352501
2024-02-08,-0.005754810917250941,-0.002616329589797517,0.0001448511706703126,0.00044149665666859406,0.010555473441792307
2024-02-09,0.004093952555767055,-0.0008283223140809204,0.015551404223164367,0.005779524778408263,0.021154303741671487
2024-02-12,-0.00900182007888739,0.00027633633357826426,-0.01257867670484536,-0.0004390162232666972,-0.028103539988478476
2024-02-13,-0.011274309723839915,-0.008702821031155605,-0.02152868180939438,-0.013772962161111346,-0.02184659811661449
2024-02-14,-0.004809936646935964,0.003762541564002575,0.009665423646637139,0.00908747960511791,0.025486372853584793
2024-02-15,-0.0015747167696339437,0.0027764070685685205,-0.007155175088325416,0.006899737666191452,0.06221180550417671
2024-02-16,-0.00843043895464779,-0.003184200512840074,-0.006149257071153991,-0.004979795172716295,-0.0024943876658132247
2024-02-20,-0.004113727978248827,0.001250192421623053,-0.0031430000209354825,-0.005505484454382592,-0.030957752117438564
2024-02-21,0.004185930345026678,-0.00277455714730257,-0.0015145659270053846,0.0009057642816157063,0.005212684735028894
2024-02-22,0.011243954464758676,0.00041744552463041096,0.023546745092383192,0.020695539081542647,0.013554445406056104
2024-02-23,-0.010034074111191837,0.0036150808237942478,-0.003182376807474907,0.0006896776717688624,-0.027556873210526023
2024-02-26,-0.007451310989861182,-0.0018008568832732497,-0.006823577047112783,-0.003662491153425318,0.03870392576202164
2024-02-27,0.008114367629836083,-0.0015270034684496947,-0.00014712146028428297,0.0018576843718891567,0.001654974128163511
2024-02-28,-0.006625469104526327,0.002224251279992595,0.0005889526475226781,-0.001321646888562622,0.01156560160219966
2024-02-29,-0.003693078234560443,0.0016644574155761926,0.014519758313594089,0.0035950212662532177,-0.0007918650199801869
2024-03-01,-0.006030429518385949,0.0041931137815827135,0.004496727983914095,0.009388152184653276,0.003764585340074067
2024-03-04,-0.02538127970247539,-0.002350496259793,-0.0013958979185327847,-0.0010723948124926608,-0.07155546804023882
2024-03-05,-0.028440905885228962,0.005405546308925757,-0.02957214971847355,-0.00999415759318556,-0.03933237971984116
2024-03-06,-0.005878208622145054,0.0017918185119021324,-0.001390733247020437,0.005067278275739273,-0.02323786698783814
2024-03-07,-0.000709519534275449,0.0016513437005580833,0.017533525187662047,0.009926412352267322,0.011951969472048907
2024-03-08,0.0102367084511088,0.0009615819115151858,-0.007137060214013502,-0.006002196438066987,-0.018527834714126334
2024-03-11,0.011831475161865779,-0.0004117593746897352,-0.004184961507416096,-0.0008597980176298092,0.013858834181150304
2024-03-12,0.0027785307007008875,-0.003020698834517388,0.026599445083368645,0.010757306476487871,-0.0012938683737420131
2024-03-13,-0.012122400495199637,-0.0016525941894820484,-0.0004333620749089606,-0.0015675064463269717,-0.04539820808488959
2024-03-14,0.010927179429963685,-0.0059318936318892845,0.024379720491655155,-0.0019767866287130342,-0.04118477639544138
2024-03-15,-0.002196524846524106,-0.0005551075296633678,-0.020695140559849223,-0.0068665393371252215,0.006584660456730784
2024-03-18,0.0063724288623217,-0.0012495706110932092,0.002161250172167284,0.005943089888015951,0.06254200201423088
2024-03-19,0.013585073029849681,0.002641641222411506,0.009800619630523366,0.005557133557477334,-0.014269250195585559
2024-03-20,0.014709274779795445,0.0018025981032223637,0.009064691885402265,0.009249276138730833,0.025332688257929448
2024-03-21,-0.040857435817532206,0.0008303566749450209,0.00973599573455397,0.003304648640389596,-0.016167575308454918
2024-03-22,0.005310066403009683,0.003318900177483153,-0.0014672822824653986,-0.0018955514911461746,-0.01151490226146512
2024-03-25,-0.008300327606878932,-0.001929525717645153,-0.01371458942271786,-0.0027628110104120918,0.010536808713131895
2024-03-26,-0.006672587802010521,0.0008285219333474814,-0.002861546605449905,-0.0018472174250208084,0.029195349264770964
2024-03-27,0.021212492652066928,0.003449793246773858,-0.0005217609210623753,0.008403902109950234,0.012157391142962881
2024-03-28,-0.010559092903652423,-0.0012379977113107232,-0.0016846235092181638,-0.00019108586244254155,-0.022465709302040393
2024-04-01,-0.008455692401684534,-0.006821762198259029,0.009150925046287117,-0.0017398830340576987,-0.003242460249155976
2024-04-02,-0.006998902159629394,-0.0011122840656807575,-0.007372134378611284,-0.00635796274352729,-0.049024062767074494
2024-04-03,0.004797496247937794,0.0006960091298735538,-0.002349240926523777,0.0010984237309172862,0.01050231020055925
2024-04-04,-0.004892307605735335,0.0020866900201292893,-0.006112298168248764,-0.012206142269117315,0.016213301154368365
2024-04-05,0.004501730480628963,-0.004997168882521552,0.01828267759268276,0.010446822176640058,-0.036292482565110196
2024-04-08,-0.0066634505736349325,-0.0008371211606112983,-0.0021855924354354794,0.0005594447760834953,0.04899940648952894
2024-04-09,0.007242520458911494,0.0036301797881315157,0.003980252866471634,0.0011568330832565366,0.02254601255405486
2024-04-10,-0.011139365811103086,-0.011686054743237029,-0.007084515170143413,-0.010013198277421864,-0.028946236061948905
2024-04-11,0.04327110946654056,0.0,0.011033458655533401,0.007546867170601823,0.01653476762638495
2024-04-12,0.0086266107105899,0.0022517753443331845,-0.01409108096354339,-0.013803045475990983,-0.020332204625772565
2024-04-15,-0.021863624823620365,-0.006600809397945051,-0.019578088275753247,-0.012528101211725318,-0.05594859487563397
2024-04-16,-0.019167315628894732,-0.002544511134323857,0.002272410265076852,-0.001823810860570263,-0.027062145360474688
2024-04-17,-0.008147268447418199,0.004818767844984473,-0.006609092934563021,-0.00591811634452899,-0.010565868854054306
2024-04-18,-0.00571436375002965,-0.0026802319348568915,-0.01838084984241417,-0.0020578514110249913,-0.03550983840996058
2024-04-19,-0.01221258096698652,0.0012734382329879779,-0.012738997032774257,-0.008728373145367785,-0.0192088959161848
2024-04-22,0.005090932030448858,0.00042358947621701226,0.004610166417675865,0.009209208109618228,-0.03400203941675628
2024-04-23,0.006391735922387731,0.0018355936979776999,0.016485414076998994,0.011866608948703172,0.018514534090260826
2024-04-24,0.012702097697713688,-0.002537086745407091,0.003655717961796423,-0.00047460733306348146,0.12061109407252757
2024-04-25,0.005147401920780892,-0.002826129535528188,-0.024495108568360457,-0.0037989089424659284,0.04965143743002587
2024-04-26,-0.00347296963057131,0.002267358166036182,0.01824378958324613,0.009473823416559224,-0.011105884774887609
2024-04-29,0.024808147717117368,0.0029690440196805667,-0.010016681123029891,0.0035415529730082884,0.1530691710339953
2024-04-30,-0.01827093983749306,-0.003806224989153173,-0.032119501971894726,-0.015841215462753078,-0.05550118063944742
2024-05-01,-0.006047149213998959,0.003605457197571438,0.01440948268452158,-0.003247275498803548,-0.017950640048260635
2024-05-02,0.022032021673500823,0.0039598496703676656,0.00734283228081356,0.009353469701108397,0.0001110562423569661
2024-05-03,0.05981619986929387,0.00507080625123324,0.0221697308267792,0.012395359318103427,0.006555235656792835
2024-05-06,-0.009106683983783226,0.0009812271768878666,0.016918396360621202,0.010326733512277864,0.019703030064167848
2024-05-07,0.0037970885372413665,0.0019603000043126872,-0.010156125021401508,0.0011035533801586617,-0.03761635178001166
2024-05-08,0.001864095910528718,-0.002375608546850816,0.0029313823384762294,9.647563503611956e-05,-0.017378079862311324
2024-05-09,0.010014207064873881,0.0026614754571148147,0.004335803718499065,0.005761989401638523,-0.01573946875450305
2024-05-10,-0.006890111928967713,-0.0027942014165218687,0.005869165384978059,0.0012880437294242597,-0.02035238689978358
2024-05-13,0.01764547709117137,0.0008406323318086439,-0.0024593640484129597,0.00013444251610139624,0.020300339194899042
2024-05-14,0.006173420390389817,0.0029395113602737055,0.006864595397054973,0.004588134306342306,0.03292805679333921
2024-05-15,0.012218006174512297,0.006420178228450979,0.01748391676035488,0.012383027069566177,-0.02005067585133169
2024-05-16,0.0006324328898168474,-0.001664244307226892,-0.004939999823080576,-0.002057544692443347,0.004885285464054867
2024-05-17,0.00015810954123862686,-0.00250041355149333,-0.0018527700925966561,0.0014373971841206146,0.014985188920464187
2024-05-20,0.006161895906671377,-0.0009748268736143872,0.01220823019526418,0.0011524002374942999,-0.014144086952910362
2024-05-21,0.006857423054209555,0.0020908054497090767,0.008698980795777356,0.002452415739196523,0.0665905079079252
2024-05-22,-0.007538429008310699,-0.001251659657632298,0.0034495123578028863,-0.002879527772976509,-0.03478030697149992
2024-05-23,-0.021058081777516113,-0.0029247728107962834,-0.008176183994853092,-0.007304156356311653,-0.03536724832380789
2024-05-24,0.016588068465596573,0.0011172483847237125,0.007400574273031868,0.006616629763648296,0.03165649721483632
2024-05-28,5.2691324749831736e-05,-0.004743925795090753,0.0003719589943431689,0.0006987272701077796,-0.01389201861667555
2024-05-29,0.001579037759802615,-0.0036451014424885297,-0.0026724657181752542,-0.007002572877040092,-0.0031683030189180172
2024-05-30,0.005255214972991196,0.00436205812477497,-0.03378617426086483,-0.0066334673427745905,0.014756744473008343
2024-05-31,0.005018580935790995,0.0036424324341475245,0.0011093009800142717,0.009107956019435592,-0.003971091681523098
2024-06-03,0.009258632723012195,0.0055864823588851475,-0.003878400296598472,0.000815398053666927,-0.0100517100545634
2024-06-04,0.001649263584908356,0.003759609513674267,0.006166666878592464,0.0011178601524610698,-0.008622094682395387
2024-06-05,0.007821004069096249,0.002774266776518264,0.01908339518331381,0.011885166809659786,0.0013159908560766986
2024-06-06,-0.007096549770172267,0.00013822167872445945,0.0012026746398541288,-1.8709279545392477e-05,0.01680001395089281
2024-06-07,0.012391891758333884,-0.008021881658167418,-0.0015781306932649564,-0.0012156581825512047,-0.0025851787543875737
2024-06-10,-0.01914770703369384,-0.0015338957885007165,0.009484480501573467,0.0030897925971888895,-0.020791089307163446
2024-06-11,0.07264909593214641,0.004049702615549933,0.011241625256652288,0.0024082193894516823,-0.018010183238054034
2024-06-12,0.028578433788671642,0.004589825327650621,0.019367686666853956,0.008212846808953511,0.03884911216309472
2024-06-13,0.005491178240186079,0.004430404926915932,0.0011789042410819128,0.0020135331136983403,0.029217711832219218
2024-06-14,-0.008168422466951708,0.0015156683188541908,0.0022420505408020652,0.000608551251541023,-0.024442410719736185
2024-06-17,0.01967150714928234,-0.0037155814073580595,0.013105269308011147,0.00795899476872064,0.052974598199923895
2024-06-18,-0.010984472888090457,0.0034532635535236,-0.004527534163974556,0.002540704931627946,-0.013764414198944475
2024-06-20,-0.02151295403413722,-0.001927136386098205,-0.0014337628916523126,-0.002716758802109309,-0.017797215597047833
2024-06-21,-0.010444388677546712,0.0002760956228538003,0.009154004106491254,-0.0013407062653157942,0.00793075466503601
2024-06-24,0.003132645926378297,0.0005513595371386959,-0.004691104807892477,-0.003250627475710699,-0.0023495584322590357
2024-06-25,0.004468166905733373,0.0005512820135642471,0.007326670148878334,0.003851078908364558,0.026125557150967094
2024-06-26,0.01999314968598065,-0.004683428378592591,0.002683337811050235,0.0012481517071665227,0.0481451226037759
2024-06-27,0.003986070960571686,0.001799332601677417,0.0015259880735152276,0.0015762947568378483,0.0053470646120412635
2024-06-28,-0.016254089377776726,-0.004696901181676871,-0.013028520596873094,-0.003935105210455703,0.002330091774560339
2024-07-01,0.02910451128247704,-0.005276529505843897,0.021881649091692434,0.0020581176325360495,0.060541719385108106
2024-07-02,0.016239958966820733,0.0029389995212598663,0.005583051015956464,0.006729739643983157,0.10197271435359356
2024-07-03,0.00581096023009553,0.005721765026243775,0.003244276351411335,0.004462518162005047,0.06542422054051067
2024-07-05,0.02162038657785348,0.004578809389171434,0.014736095509634506,0.005766696994308873,0.02082067005771515
2024-07-08,0.0065389111751588125,0.0,-0.0028230519006928745,0.0011537153837630765,0.0056456669243971636
2024-07-09,0.0037748823454055724,-0.00041446090969987637,-0.014370293534326506,0.000972592116235127,0.03712336538398886
2024-07-10,0.018803565470488337,0.0008291524153150043,0.0146015497942531,0.009895193071413955,0.003545241645880992
2024-07-11,-0.02322083060861191,0.004970340912815008,-0.024772149783468755,-0.008622613418480696,-0.08444127539962887
2024-07-12,0.01305085391681704,0.0026104052773952002,-0.0025291063200788555,0.006307544740922433,0.029871787680814554
2024-07-15,0.016743398377145224,-0.0031516071065262885,0.0009039349985149325,0.002750120523653532,0.01776579679334911
2024-07-16,0.0017917514227476783,0.003848790940939928,-0.009780594293625655,0.005930192553132541,0.015516142251486675
2024-07-17,-0.02529589143698463,0.0009586207159359983,-0.013347488342518754,-0.01402117447015827,-0.031415644041518975
2024-07-18,-0.020534893335882654,-0.00259933463572537,-0.007102325922300534,-0.007684813223276632,0.002937608561525362
2024-07-19,0.0005800081692259873,-0.0026055474619066654,-0.007402891959455982,-0.006640604165301767,-0.0402439471622098
2024-07-22,-0.001560370510189979,-0.00041297458309719204,0.01333774879892613,0.01030981082560789,0.05146320115237013
2024-07-23,0.00468828989675707,0.00013771506718818216,0.004312029158481501,-0.0015685215257669194,-0.020396762498772092
2024-07-24,-0.028754296001737845,-0.0028886908827164826,-0.035854757628201894,-0.02266248082266531,-0.12334604589403686
2024-07-25,-0.004804564265691091,0.0022069232463823862,-0.024481293688264794,-0.005210392136385078,0.01972310939623889
2024-07-26,0.0021610523446808916,0.003991993479774081,0.016419615686428246,0.01119971183544255,-0.0020431189477511102
2024-07-29,0.0012846216976407643,0.0012339530554701383,0.003433253957442428,0.000587779587347903,0.055959976710561854
2024-07-30,0.0025660175821418107,0.0012325443719336526,-0.008928317741998093,-0.005066463587138137,-0.04084450985365362
2024-07-31,0.014990763027286969,0.00547027372413722,-0.010805893381676479,0.01625470055299938,0.04244907202543402
2024-08-01,-0.01675065930249353,0.0037381188141960564,-0.0029640787604618968,-0.01416102580487788,-0.06554059651757449
2024-08-02,0.006869280440972458,0.011417610785885879,-0.020666005810080268,-0.018618386879309612,-0.042377581921705376
2024-08-05,-0.0481669602008985,-0.0009406079088488672,-0.032656951294011693,-0.02912381737354308,-0.04232673647438423
2024-08-06,-0.009748143626240102,-0.006187600123556569,0.011286880140731315,0.009219586455326834,0.008849529684359148
2024-08-07,0.012498222871370812,-0.0024367035303538565,-0.0029529238869181462,-0.006683936865309659,-0.04425839767656359
2024-08-08,0.016633282600105215,-0.0014924325399233718,0.010692084033751659,0.023117314519645493,0.036921162045623346
2024-08-09,0.013735892014797635,0.003533122608624817,0.008269327799607318,0.00440963576112674,0.005833854775063152
2024-08-12,0.007129974064805644,0.001760562796666143,0.0019457639069708765,0.0005254581184506169,-0.012549972534179554
2024-08-13,0.017193024844787574,0.003784850450259558,0.017698737580326807,0.016445540515162227,0.052357061371637315
2024-08-14,0.002033732513815334,0.00188479519060758,0.0068837440586888565,0.0031548367188043436,-0.0310349655555765
2024-08-15,0.013530514210662759,-0.0041666735217325,0.011823903701621674,0.017140245330878434,0.06336276788880446
2024-08-16,0.005918541270095279,0.0021598448171875617,-0.006080312096679585,0.0022420918317906935,0.009246267550119258
2024-08-19,-0.0007078535323441493,0.0012120058476974283,0.0073123689121139535,0.009561257412605384,0.030538618603692225
2024-08-20,0.0027446884258146564,0.002959606779104451,0.007757492037461455,-0.0016258913169607814,-0.007273684933138069
2024-08-21,-0.00048563560797987293,0.002146010115403829,-0.0015536843476241513,0.0034363291389154504,0.00981455499340611
2024-08-22,-0.008259680916298584,-0.004015261619970123,-0.020252765944622775,-0.00784846691775154,-0.05647870456867721
2024-08-23,0.010288212365897387,0.0044340894392616015,0.0029840315713109966,0.010625197402483133,0.0458558981020607
2024-08-26,0.0014987301249833607,-0.0010701689345121723,-0.007917791741617108,-0.0023835587219069865,-0.0322712435275504
2024-08-27,0.003741590076061563,0.0,0.0008464385329642887,0.0013732096433389795,-0.018760845523390857
2024-08-28,-0.00675344360558694,-0.0006694765154828808,-0.00782890319929519,-0.0058053599701608505,-0.01653843794670573
2024-08-29,0.014570082342909574,-0.0014739225181307214,0.006137311401932077,8.941058333311602e-05,0.002575935743848623
2024-08-30,-0.003437883950512477,-0.0020129607070726863,0.009730727382016857,0.009545986638498372,0.03795812428442069
2024-09-03,-0.027205255495327485,0.004261971726810199,-0.01845900237187903,-0.02057910675280339,-0.016393416920415738
2024-09-04,-0.008618757988215542,0.004432601057381413,-0.0013189396904250694,-0.002046764251070199,0.04183284569452206
2024-09-05,0.0069278685765590264,0.0024072411973650176,-0.001247213910021694,-0.002432039258300933,0.04904058305110981
2024-09-06,-0.007015159488153233,0.001200784416978573,-0.01638144938676922,-0.016830157923119815,-0.08445932396079381
2024-09-09,0.0004077284503483103,0.0013322434014113593,0.01000751918591436,0.011196084697615571,0.026289605928169868
2024-09-10,-0.0036215474879578435,0.0033263937386243114,0.020901120941133167,0.004355900025068804,0.04577608406578726
2024-09-11,0.011585173919259839,-0.0005302081622708954,0.02134234653405276,0.010258719269776506,0.008666077418469476
2024-09-12,0.0004940327030058533,-0.0010614106830251213,0.009360890188822024,0.008423511104311832,0.007364189890953776
2024-09-13,-0.0012120645513312711,0.002125293084249247,0.008407420186774317,0.005222626521677709,0.0020886633855721204
2024-09-16,-0.02777518917830124,0.0026511440014200804,0.0017418782140818934,0.0014769019367719682,-0.015241628421408637
2024-09-17,0.0021726427358825795,-0.0013220670106851573,0.008832893735783331,0.0004086797783009466,0.004806404196833203
2024-09-18,0.01798987306258737,-0.003044822606127817,-0.009973652160987556,-0.002966062113429091,-0.0029402649901351108
2024-09-19,0.0370654268282411,0.0,0.018291239550609406,0.01706460394300313,0.07359155565707187
2024-09-20,-0.0029274552392541953,-0.00013265639681458996,-0.00779608795764708,-0.0017285266823092726,-0.02324531900421767
2024-09-23,-0.007581044595350028,-0.0006642343100573544,-0.004043333744738642,0.0024987150543154257,0.04931794333683115
2024-09-24,0.003974071890294528,0.001196156988901853,-0.010011240638765684,0.002861223307927485,0.01708001708984397
2024-09-25,-0.004398096797038842,-0.003716571320958262,0.0068502823182186035,-0.0022054529497933517,0.010815214909361437
2024-09-26,0.0050802086064263285,0.0,-0.0018512152793531689,0.00396474810656211,-0.01089404681602335
2024-09-27,0.001186759890998923,0.0029311960155504746,-0.007628046920198028,-0.0014504715688140601,0.024545630573566513
2024-09-30,0.022871854490415178,-0.002258542670991792,0.005326908650239437,0.0040074467342587905,0.004492104223754234
2024-10-01,-0.029141537415765972,0.002950907850417961,-0.02233328033310933,-0.008958539952465538,-0.013798172234708361
2024-10-02,0.002519664381519071,-0.0018638919346580796,-0.008462262879768812,0.0004221910337944834,-0.03488095932262836
2024-10-03,-0.004894664246391178,-0.004401455120197184,-0.0014144572033435443,-0.0018283947598322081,-0.033571602549667734
2024-10-04,0.005007353506171652,-0.006564969715437963,-0.0011523660342057651,0.009087270490398813,0.03914235030998836
2024-10-07,-0.022530766128125546,-0.002966752354613522,-0.01567080192338488,-0.009040242105388674,-0.03698816351676526
2024-10-08,0.01840408339777655,0.0014876803630032853,0.012624005354382017,0.009457540312966639,0.015238957526229946
2024-10-09,0.016698318528298506,-0.0027013234808849207,0.006630980020848609,0.006926352963365634,-0.014110416966225725
2024-10-10,-0.002178259280837036,-0.0004061257873836377,-0.0038805813402242872,-0.0017500612795954273,-0.0094586133600143
2024-10-11,-0.006505388432598402,0.00013561342656442932,0.001154305909256248,0.00598826804147734,-0.08782510719719316
2024-10-14,0.016479883494170622,-0.0006777554252299645,0.006773681911937723,0.008178343260802023,0.006244263504570968
2024-10-15,0.011024630745987807,0.0039312944363931734,-0.0009544340078162517,-0.007769521491596709,0.0018707960177877236
2024-10-16,-0.008851815018122933,0.0013505709012484601,-0.006256752010008526,0.004346389683625551,0.008015641700267029
2024-10-17,0.0015962701523390965,-0.004854447514827331,0.0014417815410114887,8.56767013679427e-05,-0.001987992760882462
2024-10-18,0.012276501064215184,0.0005417577748121349,0.00345560509504117,0.0038465863373264852,-0.0008601676940163117
2024-10-21,0.006297918930624924,-0.00677132635497113,0.001482740164663765,-0.0016422048779181075,-0.008382378207102748
2024-10-22,-0.0026216466109996173,0.0004088945457980664,0.020846325823830503,-0.0005311986598890428,-0.004021041161845984
2024-10-23,-0.02162310070812612,-0.002453359524907772,-0.006806973193507759,-0.009137319028861723,-0.019819274670942244
2024-10-24,-0.0008232612126159999,0.0016393738771003363,0.0003062004537526253,0.0021626194363795204,0.21919035070290405
2024-10-25,0.0036430797073065957,-0.00204553147028097,0.00805225694646361,-0.00034526812660351514,0.03343823359841336
2024-10-28,0.008599419886778259,-0.0012304776155742658,-0.0036437224191507855,0.0030915335564385416,-0.024815158866218545
2024-10-29,0.0011569279558503176,0.0008213660408491474,0.012564917861720426,0.0016182855030435483,-0.01139012091242797
2024-10-30,-0.015277976792214543,-0.0009574554578566374,0.0013426976937407353,-0.003025231334937817,-0.007590942139718337
2024-10-31,-0.0182094184244046,-0.00013689457596599564,-0.06052753903913377,-0.019603165693758418,-0.029897037679701866
2024-11-01,-0.013279763839163738,-0.0038722151242468472,0.009892921907810326,0.004220669216986606,-0.003482130697311736
2024-11-04,-0.004037608832123674,0.003997736663268192,-0.004654391634132837,-0.002154124044861594,-0.024660613282231014
2024-11-05,0.006486266675724828,0.002471496462240541,0.007344628198936887,0.012091818399094123,0.03541429020427689
2024-11-06,-0.003266945738759519,-0.008217900001428746,0.021192802252537613,0.02486569341005418,0.14751032444224466
2024-11-07,0.021372227228034335,0.007457494625757288,0.012494646112146013,0.007732060087975334,0.02904379065700735
2024-11-08,-0.0011883189061741017,0.0019191866568086802,-0.006793154839661031,0.004331846477725332,0.08187665372925301
2024-11-11,-0.012028535468128432,-0.0019155104347414742,-0.01072081990356799,0.0009527220139335935,0.08959591143118995
2024-11-12,0.0,-0.006031681987423432,0.012009245892509846,-0.0031064475544430037,-0.06145717075892854
2024-11-13,0.003969128785468401,-0.0004137339601421042,0.005129701119097163,0.0004857695137632234,0.005327407385385952
2024-11-14,0.01377044630972124,-0.0002758996162730565,0.0039745530434045495,-0.006430017819199607,-0.05771559508909463
2024-11-15,-0.014109098223196836,0.0002759757578787436,-0.0278526174185989,-0.012808605553460195,0.030657525449785616
2024-11-18,0.013422124105246125,0.0009657044393285297,0.0018313441817809917,0.004097381706267278,0.056186046847983784
2024-11-19,0.0011402653554322129,0.0017920074328519053,0.004882702197049005,0.0036554827170298676,0.021432396454288627
2024-11-20,0.003154051100735744,-0.0011006727866580412,-0.005505229879706142,0.00033879905995104487,-0.011473991967350106
2024-11-21,-0.00209604489606785,-0.0005509984912420718,-0.0043167443490419455,0.005368235809295685,-0.006987644766217049
2024-11-22,0.00590751706571635,0.00041333739129822966,0.010003080764387828,0.003099488375636561,0.038040225983177356
2024-11-25,0.013050866677261075,0.00923002407929241,0.00429259487666922,0.0033920479412503646,-0.039624464821427674
2024-11-26,0.009404449847425056,-0.0017747503108765939,0.021968010798594007,0.005221376941263234,-0.001063189566898104
2024-11-27,-0.000553155177552056,0.002735137393218068,-0.011682454432063283,-0.003029956675746681,-0.015788061864523528
2024-11-29,0.010215883876433907,0.003681635917998971,0.0011111106254750869,0.006212168654423644,0.03685898787510977
2024-12-02,0.009522562187620265,0.0005864703122751003,0.017758475449137334,0.0017923615680890403,0.034563659025395044
2024-12-03,0.012771842943683387,-0.002315628167806616,0.000510473537130407,0.00046367958207294,-0.01587830229999254
2024-12-04,0.0014835691116916738,0.003412993323141267,0.014424881591619032,0.006209500851108496,0.018524782309774723
2024-12-05,0.0001234897054347428,0.00013611679940161991,0.011887771055782759,-0.0016453960401708878,0.03229681165351517
2024-12-06,-0.0008229105467324471,0.0027204301275738363,0.002146430964186319,0.0018955339483279765,0.053397958017247005
2024-12-09,0.01610116363118519,-0.002984616902344084,0.005523281439500094,-0.0051497285097474865,0.0014644862094215227
2024-12-10,0.004133767070893191,-0.0010883148704113887,-0.006031107168714356,-0.003108913698824378,0.02873337295448497
2024-12-11,-0.005166184870432078,-0.0021796600859190773,0.012767119186027909,0.007730559917018542,0.05930322291934931
2024-12-12,0.005963761319335958,-0.00395920872615152,0.0012693948671071986,-0.005152695392551365,-0.015702575706076027
2024-12-13,0.0006856198279199255,-0.003974614883563099,-0.005093897487506327,-0.00019841622728100639,0.04336284290396253
2024-12-16,0.011727684347941025,0.001100706062669543,0.009658654116749599,0.004269880290139971,0.06141250567967771
2024-12-17,0.00971962452327757,0.00013763090449869786,0.006355397478788216,-0.004120052972255928,0.036369912179738284
2024-12-18,-0.02142180288699569,-0.00783391011434642,-0.037561106548476775,-0.02980337089337326,-0.0827949436951747
2024-12-19,0.007014708479185838,-0.002770508451787279,-0.0008231042343443962,-0.0003072112299216112,-0.008997322180141931
2024-12-20,0.018815821686944068,0.0030559252575486084,-0.0009838995120972083,0.01201110286046525,-0.034642491239586515
2024-12-23,0.0030649319457300983,-0.0031849402165018414,-0.0030919437401883965,0.005988113644693316,0.022657123925894362
2024-12-24,0.01147820919261644,0.001435159228306837,0.009373694966292812,0.011114962483136148,0.07357174228224572
2024-12-26,0.003175621041763499,0.0006963084245938944,-0.002776896791009009,6.672962043419162e-05,-0.017629994630971146
2024-12-27,-0.013242268452804407,-0.0020863541397275753,-0.01730151383322842,-0.010526513060112985,-0.04947922616674816
2024-12-30,-0.013263430604093518,0.0039023415617296386,-0.013239520829944174,-0.011411712672685148,-0.03301209257078741
2024-12-31,-0.007057812266172192,-0.0016658035694961937,-0.007838449264731984,-0.0036380509815578943,-0.03251001941775111
2025-01-02,-0.02623584909070442,0.0004171457752955021,-0.006927595750353288,-0.0024570439909764596,-0.06081615932376483
2025-01-03,-0.002009484004472206,-0.0012513623071980229,0.011395711491791083,0.012503473922702568,0.08215567328200035
2025-01-06,0.006738980762493796,-0.0009740041872450256,0.01062943842484998,0.005760562085250331,0.0014861742226246477
2025-01-07,-0.011387752561417774,-0.0034831453001327173,-0.012808315938603876,-0.011304016546816231,-0.040603340073111394
2025-01-08,0.002023026959630858,0.0011186731579218012,0.005185086240221848,0.0014610443232185855,0.0014707807875757872
2025-01-10,-0.024103853223164884,-0.005166763450905165,-0.013213623561888266,-0.015267481874933542,-0.0005064369418008585
2025-01-13,-0.010344109021782733,-0.0009825694591785172,-0.00420090563870712,0.0015505471876331445,0.021710512074366584
2025-01-14,-0.004778122103303195,0.0007025094785713115,-0.0036434945700254406,0.0013758227325151307,-0.017232432245921525
2025-01-15,0.01967593011248714,0.008003234104046797,0.025597208272736705,0.01819019338965977,0.08038151439752794
2025-01-16,-0.040400266944386365,0.0019499718770199514,-0.0040581251658330375,-0.0019232784062486186,-0.03362756026209701
2025-01-17,0.007535300675703516,0.0002782806167886953,0.010481006047691643,0.010039953635990084,0.030641323404759335
2025-01-21,-0.031915767244250826,0.0029188440729708276,-0.00123537317017397,0.009153480738035569,-0.005697520927974931
2025-01-22,0.005344873292606245,-0.002078948136207237,0.041306934506365245,0.0056214680360890945,-0.021128638710367187
2025-01-23,-0.0007594645528146149,-0.0015273363296814946,0.0011429488494654194,0.0054580220365023635,-0.006576523247056931
2025-01-24,-0.00393458811566294,0.0019468764256511673,-0.005932189477451222,-0.0029192785511880093,-0.014064741844588391
2025-01-27,0.03178030226598594,0.005274796025381168,-0.021393452678664104,-0.014145267289494612,-0.023193450212053546
2025-01-28,0.03654394776970271,-0.0005521297105368639,0.029086802995065053,0.008592344588856049,0.0023668700890153715
2025-01-29,0.004616744880945767,-0.0005528788055242373,-0.010890061244708926,-0.004482919611252245,-0.02258280870425211
2025-01-30,-0.007394751904788444,0.0013826283802165218,-0.06180894738656939,0.0053671812976305855,0.028732954254456988
2025-01-31,-0.006692129929928736,-0.001380719358446414,0.00016862097961301004,-0.0053220515079367425,0.010792463618949588
2025-02-03,-0.03385595001477659,0.0009015354650789842,-0.009974502510923022,-0.006729546139925269,-0.05170542044525328
2025-02-04,0.021007923869700296,0.0013858222624960614,0.0035287229605669435,0.006708326846265988,0.02223206563315605
2025-02-05,-0.0014175006265696455,0.005119570804548612,0.002231106597937904,0.004054500120593607,-0.035797094243459227
2025-02-06,0.0032260934287429155,-0.0011013079851664997,0.006121493153160573,0.003475716510411786,-0.010180622383618498
2025-02-07,-0.023968728918284277,-0.003032046439277125,-0.014597690954086695,-0.00915368451324683,-0.03392822173149568
2025-02-10,0.0011873766168293276,0.0002765795371002522,0.006028117730352944,0.006791192825762904,-0.030114441341470455
2025-02-11,0.021831795788583408,-0.001658464923184666,-0.0018921860579359517,0.0007606343957031747,-0.06338211812502892
2025-02-12,0.018270185287032614,-0.005121808571088016,-0.005833205957403997,-0.0032214928773622864,0.0243835913717656
2025-02-13,0.01967327176214928,0.005983118394129905,0.0036671261026293145,0.01055736291704723,0.05773971683431944
2025-02-14,0.012710545112279759,0.003181205408315124,-0.005139656133369863,-4.894905763919155e-05,-0.0002809633725618932
2025-02-18,-0.0005313729320720606,-0.003722606513644866,0.002962616487522718,0.0029356653995484816,-0.004861766535893763
2025-02-19,0.0016360895310016943,0.001383874322707923,0.012523200479598762,0.002355044800228745,0.018214714280444966
2025-02-20,0.0039204764503546485,0.0012438210199443578,0.00529064327928519,-0.004160364041450926,-0.01708454543992588
2025-02-21,-0.0011389704828973501,0.00441689481891272,-0.019032524836591014,-0.017104082781476126,-0.046839747148427646
2025-02-24,0.006312360618159429,0.0013740654285843146,-0.010313305109005189,-0.004550376782922472,-0.021521578674915554
2025-02-25,-0.000242810694735085,0.006312753271842331,-0.015099071793035268,-0.004973260146939551,-0.0838955952220366
2025-02-26,-0.027040233919158996,0.001500104037359451,0.0045992342106173645,0.0005048550487694037,-0.039630120487999076
2025-02-27,-0.012730782411872199,-0.0012259656046902379,-0.018012224014775424,-0.015962033227799433,-0.030433204805490277
2025-02-28,0.019131816049733796,0.004226643391937346,0.011362193286000188,0.015605610136830705,0.03912040539724382
2025-03-03,-0.0157542422116278,0.00230129401575474,-0.021411127229867488,-0.017519874487343268,-0.02843203214376444
2025-03-04,-0.00882239379380656,-0.002853088868201681,0.0003087865078106322,-0.011836893452684794,-0.04429996705409467
2025-03-05,-0.0008053362915595441,-0.003542212691605151,0.03193446346013462,0.010747808210532117,0.025952056083059283
2025-03-06,-0.0017391939743134355,-0.0008202975213541519,-0.010298610789470808,-0.017751102879487224,-0.056073068986891905
2025-03-07,0.015892641540643515,-0.0010945915246031168,-0.009020270893254634,0.0056047548786040124,-0.0029607088371812473
2025-03-10,-0.048479515826648334,0.0046574124455687205,-0.033434151160752434,-0.026635451217348782,-0.1542620682219511
2025-03-11,-0.029189400621257744,-0.0038175432116819286,0.0007627943381085522,-0.008312958435207851,0.037947369642955975
2025-03-12,-0.017478772796841624,-0.0020532619539249675,0.0074122984308517825,0.00530655307288197,0.07593891216839133
2025-03-13,-0.03364360378754694,0.0030170627351022716,-0.011741173780396186,-0.01333052945633073,-0.02986820819658209
2025-03-14,0.018170573113188482,-0.002460901950703809,0.025846865993821133,0.020655943292980483,0.038640532386444715
2025-03-17,0.0023887758760123834,0.0013706499843131326,0.00036048941087085673,0.007711325129997171,-0.04788383640805238
2025-03-18,-0.006121523995937239,0.0010948223266795676,-0.01332657708706897,-0.010808554653462754,-0.05335909096824676
2025-03-19,0.01198938232124358,0.003008315044370713,0.011211939345903366,0.010891006057181185,0.046824389357219776
2025-03-20,-0.005296425228035417,0.0004093556491677752,-0.002526971930542632,-0.0028919108600986565,0.0016958954271570903
2025-03-21,0.019476865643276886,-0.0008175056783017443,0.011425977219748473,0.00033002978699503416,0.05269623506518384
2025-03-24,0.011270448352069362,-0.004364577791113877,0.0046515857432165575,0.01790844377492129,0.11933580126800525
2025-03-25,0.013681884181385273,0.001232860558110671,0.005291573607126621,0.0024038818271738815,0.03502280788451673
2025-03-26,-0.009921817374971331,-0.0021889926067006904,-0.013133931408371269,-0.01193834026356333,-0.05580626179068926
2025-03-27,0.010472641379690062,-0.00041138443179833395,0.0015640952184263757,-0.0026556435220658203,0.0039329829222258805
2025-03-28,-0.026580295499861295,0.005761423710840985,-0.03016009085062865,-0.020138283935378976,-0.03507493471452938
2025-03-31,0.019412553869742055,0.001772929336055551,-0.009002115241362851,0.00671277169810125,-0.016657121359109794
2025-04-01,0.004772000986040137,0.0031416573699514228,0.018114450289932416,0.002824468752555598,0.035885119854736525
2025-04-02,0.003136332693514765,-0.0008170950282926359,-0.00013082881178716477,0.006328434120566051,0.05326685079977622
2025-04-03,-0.0924560321036455,0.005178841637695886,-0.023630163414979033,-0.04928091041921223,-0.05474611137253549
2025-04-04,-0.07288741729346704,0.0008131183233381911,-0.035565858615312806,-0.05854295896778716,-0.10419786826814681
2025-04-07,-0.036734328286812556,-0.012056290002220083,-0.005502555450708102,-0.0017811932094612404,-0.025644236634809525
2025-04-08,-0.04981818000622773,-0.005759008307216984,-0.009221410700882005,-0.015662714676747957,-0.048994783337158565
2025-04-09,0.1532884850891707,0.002344411722475792,0.1013369265251991,0.1050192812545172,0.22689989839624536
2025-04-10,-0.042393760690519144,-0.007979976136513578,-0.02340656035742561,-0.04381899412347667,-0.07274069589492616
2025-04-11,0.04059440117354951,-0.0011098183653577287,0.018618130045807035,0.01784258783073711,-0.0003565623615964242
2025-04-14,0.02205403800038752,0.005693074832900269,-0.0016476377815621834,0.009701669248105338,0.00015856900364230597
2025-04-15,-0.0018763117439558608,0.0024851374188461506,-0.00536340245199296,-0.0028009238239182777,0.0069744183248166
2025-04-16,-0.038933400859441525,0.0027542359875434297,-0.03660592054639622,-0.02222803272207108,-0.049427403598542585
2025-04-17,0.013949668794763115,-0.0021973368059271525,-0.010306425563596289,0.0014268092873082061,-0.0007452201709629014
2025-04-21,-0.019392898082992494,-0.005505768002211364,-0.023546688187550124,-0.02380276093966527,-0.05746362595919796
2025-04-22,0.0340650587115201,0.0017991460693764783,0.021441242735100285,0.026017940681550833,0.04602198338770602
2025-04-23,0.02433156893742483,0.002072378748797954,0.020636808715027488,0.015495236846295724,0.05366224400956132
2025-04-24,0.01842623163005852,0.005652933520334136,0.03448268498077112,0.021049019601060648,0.0349764859229853
2025-04-25,0.004367234247518725,0.003290348482082317,0.01174818529744348,0.0072253777163768795,0.09803091011549903
2025-04-28,0.004109372565147096,0.002459885731042055,-0.0017609449884207207,0.00038130205064490497,0.0032637046356942534
2025-04-29,0.005091827412437189,0.002590017793013155,0.007362648446547437,0.006299228306147819,0.021512501019458785
2025-04-30,0.006107623740076784,-0.0006801646247298621,0.003096191958594563,0.0003970354979805357,-0.03379788089732105
2025-05-01,0.003858872869008989,-0.0027843461075088838,0.07625351859990581,0.007086914929300692,-0.005812356915055328
2025-05-02,-0.03736168747193258,-0.0049275586436491325,0.023225259769653617,0.014844129127253636,0.023848576584252656
2025-05-05,-0.0314585305122953,-0.0013753079082169384,0.0020446642789406777,-0.005734294466325229,-0.024198258752220814
2025-05-06,-0.0019107109228524433,0.002203719887913458,-0.006557113299345829,-0.008358430352621848,-0.017519458684867262
2025-05-07,-0.011384769431552866,0.0019241921086532443,9.232956359972455e-05,0.00420554784974847,0.003159597232260225
2025-05-08,0.006318550430994163,-0.005349986199763013,0.011122591909284774,0.006967900527213189,0.031134624811778533
2025-05-09,0.005266114876452566,0.0008276534285520665,0.0012780662606930449,-0.0012743337771213836,0.04718770485146129
2025-05-12,0.0631461799626103,-0.0034448659099965973,0.02400112538787713,0.03304751134241157,0.06745790403815088
2025-05-13,0.01015224408951143,-0.0004148041073614994,-0.00026701790827043936,0.006603940317170043,0.049280740626853614
2025-05-14,-0.002817877547288461,-0.003458428018194848,0.008460518515972737,0.0012779543304903829,0.04073991993646375
2025-05-15,-0.004144441006121324,0.005413743436843754,0.0022560663097470623,0.00488444746329697,-0.013978329078298546
2025-05-16,-0.000898553042967154,0.000690217230564949,0.0025158498881652225,0.006333868474471371,0.0208856061756566
2025-05-19,-0.011739075721298287,-0.0002760716082900183,0.010126120752209422,0.001093918100038005,-0.022544186527114873
2025-05-20,-0.009196255872420789,-0.0017941945226152,-0.001525411472787952,-0.003362128049795521,0.005057180873010214
2025-05-21,-0.02305904977696982,-0.006221203691850863,-0.012222538212808609,-0.01685079340484308,-0.026758222357769146
2025-05-22,-0.003612241451258047,0.0027826565329842623,0.005059968133832582,0.0003945411602814808,0.019185982671137136
2025-05-23,-0.030244383410708453,0.0015259389813733204,-0.010288911312403837,-0.0068256758656789485,-0.004984788190348977
2025-05-27,0.02529833309688767,0.004709542321201798,0.02334624274697772,0.020790561118512407,0.06939947711644767
2025-05-28,0.0010488369682313259,-0.002205737893929416,-0.007228339450783938,-0.005785310649501829,-0.016506435862546853
2025-05-29,-0.0023451157536734657,0.00359263134537402,0.002886199964228675,0.003947382380242059,0.004286911755287504
2025-05-30,0.004501243745582917,0.0019276359815769695,0.0036625974856825394,-0.0011185613277848727,-0.03339564619395741
2025-06-02,0.004231968185255619,-0.0022059856099043706,0.003497277728137682,0.005632901726823958,-0.01088145559849063
2025-06-03,0.007783885702387527,-0.0011054860057185811,0.0021646596439974797,0.0057025903821517065,0.004610541775392996
2025-06-04,-0.002213824650510454,0.006224789460476776,0.0019439789824056142,-0.0002683402981673577,-0.03549540073392177
2025-06-05,-0.010797795842732882,-0.0019245700728103277,0.008213506571433937,-0.004832872149647116,-0.14259893789082123
2025-06-06,0.016398398699723593,-0.005371912754072006,0.005773203535631932,0.010268979858962801,0.036670186138995975
2025-06-09,-0.012112681320761376,0.0015234251670364074,0.005038503650813819,0.0009012828881442836,0.04553761352840424
2025-06-10,0.006056142857262303,0.001935637378205346,-0.0038709607045448458,0.005669767615193333,0.05674382827003055
2025-06-11,-0.019193793028711492,0.003174284432735597,0.0036099633528492436,-0.0028520166647609813,0.0010426457165473302
2025-06-12,0.0021129184846335747,0.0037144955840322513,0.013224078297018105,0.003974226097154476,-0.022424432461661592
2025-06-13,-0.013805280225029692,-0.003563640226137643,-0.008165061896095782,-0.011179962144145295,0.019429076154419578
2025-06-16,0.01002805736938539,-0.0019257374968740804,0.008800795626047186,0.009514092086442716,0.011742668079331553
2025-06-17,-0.014010657964138584,0.003169909250095193,-0.0022958041499749893,-0.0085450325365789,-0.03882963749794621
2025-06-18,0.004804669485349855,0.0005494993179060437,0.0046021097802841915,-0.00015063575417118003,0.0180179597897272
2025-06-20,0.022484617502937843,0.0006864426278048175,-0.005913732900402757,-0.0023486391501789106,0.0003416111576173275
2025-06-23,0.002487441151994396,0.002469910612087123,0.018014294648659224,0.009877376928964843,0.0823193093872907
2025-06-24,-0.0059553649555199595,0.0030109690713793213,0.008456685924216112,0.011047415251082215,-0.023545920693855638
2025-06-25,0.00629057689537782,0.00027312839602955385,0.004407231138295886,0.0005601616901342865,-0.037947582404945
2025-06-26,-0.002778191195320079,0.0028648534641748657,0.01052274915746132,0.00782388205272233,-0.0054037218123500486
2025-06-27,0.00039801190502575245,-0.0023127673925508185,-0.0030355482788235744,0.0049684323619594295,-0.006599526995335614
2025-06-30,0.02034000608920694,0.003954480186140419,0.0029641452431168336,0.004781105489127135,-0.018446995428822777
2025-07-01,0.012916230362977066,-0.0007496536879202376,-0.010775874969415344,-0.0003235797161743603,-0.05335897504131726
2025-07-02,0.02223072103194701,-0.001090715312770274,-0.0019509840445374182,0.0045332765158159205,0.04968242780731846
2025-07-03,0.005225057886292905,-0.0024567891112369233,0.01578120315165288,0.007881385954874975,-0.0009503811144286889
2025-07-07,-0.01685796223455238,-0.003284325701474633,-0.002245196806071048,-0.0074520170832973465,-0.06789282780315342
2025-07-08,0.00028576554438819457,-0.0005489929393859283,-0.002210101279708776,-0.0005477162177452977,0.013165935514200422
2025-07-09,0.005380768910944633,0.003983549100788686,0.013873813859313744,0.005996626767211355,-0.0064806174796113725
2025-07-10,0.006014951043801897,0.0001366439491157223,-0.004031706213070585,0.0028203102183428364,0.0472826483827995
2025-07-11,-0.005884883770447158,-0.004103826586179582,0.0036691458164883617,-0.0035154238705955576,0.01174690904506881
2025-07-14,-0.012028763324753111,-0.0001374048330770039,-0.0005960652012634293,0.0019082159291465839,0.010813001260769006
2025-07-15,0.0023487523440752778,-0.003022347110430812,0.005566410200881,-0.004273265144196681,-0.01931207079538977
2025-07-16,0.0050212784395655685,0.0019291127113429951,-0.0003954127748909686,0.0033431911185151097,0.03504091219258654
2025-07-17,-0.0006660714311723659,0.0002749330148910101,0.012024854080743053,0.006119689977517551,-0.007025863995037018
2025-07-18,0.00552320145423657,0.0016501201254937037,-0.003224549647297237,-0.0007324129021104575,0.03205907804067243
2025-07-21,0.006155862513610666,0.0028825472368771976,1.9618710954460994e-05,0.001896175165666536,-0.0035188948387289143
2025-07-22,0.009036190140318645,0.0016425587578354772,-0.009391100116289741,0.00014302326913218089,0.0110201078413521
2025-07-23,-0.001166095219330865,-0.0020496160470674374,0.001187468877313691,0.008507639834927083,0.0013550095657464123
2025-07-24,-0.0018211179209766115,-0.001232748696066821,0.009903820307622047,0.00033105252282705777,-0.08197020076301287
2025-07-25,0.0005614158591493723,0.002468216271466428,0.005539409766897929,0.004224349640319147,0.03524405566934252
2025-07-28,0.0007948153451529105,-0.0016414261196540103,-0.0023553975889619716,-0.00025119675932994134,0.030152499060024596
2025-07-29,-0.012987666728969671,0.005205459453307526,0.00013655468224449407,-0.0026375522185667633,-0.013483166498468035
2025-07-30,-0.010507843356575286,-0.002589090349714107,0.0013071529074271115,-0.001259331011043141,-0.006724793213012448
2025-07-31,-0.007079644851470834,0.00013656495413716385,0.03947474498101644,-0.0037512265266995692,-0.03375758288237862
2025-08-01,-0.02500361855671096,0.008662613998128732,-0.017600839364810383,-0.016390369519761472,-0.01829559909125389
2025-08-04,0.004793035011813274,0.0006794303631920684,0.021999378500983324,0.01519971367995021,0.021907956170373222
2025-08-05,-0.0021146570738387327,0.0004072320659458395,-0.01473025215005519,-0.005069966572431306,-0.0017461311772288823
2025-08-06,0.050906762062084,-0.0008142392366051743,-0.005324358743501567,0.0076597782637986,0.03624644466558724
2025-08-07,0.03179366736256095,-0.00040761147997869784,-0.007810365732719093,-0.0008376239960258269,0.007377028928595486
2025-08-08,0.042357898901638213,-0.002174600820445738,0.0023037053293915033,0.007797572699558275,0.02290006868278205
2025-08-11,-0.008337359003931843,0.0006808966176783393,-0.0005170688581198624,-0.001977636249400061,0.02845443669493286
2025-08-12,0.010872370357085881,0.00013634330881573398,0.014316698328075361,0.010646115486174113,0.005338753399730889
2025-08-13,0.016024473911425474,0.003674245287628608,-0.016362973710205786,0.003423147456803166,-0.004283509772223915
2025-08-14,-0.002357161460252777,-0.0028472255290888926,0.0036496793661924265,9.306090191762983e-05,-0.011196942235471519
2025-08-15,-0.0051122228170207284,-0.0013597846053323703,-0.004421286091483956,-0.002341289856780615,-0.014959143019665277
2025-08-18,-0.0030225879499951036,-0.001089373097501789,-0.005901872517995788,-0.00021763143719111255,0.013915797850586165
2025-08-19,-0.0014292032878627792,0.0019082410029778174,-0.01417525451919599,-0.005425130066677664,-0.017454368181154756
2025-08-20,-0.019734590701623533,0.0006802624376376354,-0.007944643880443913,-0.0026569874257286186,-0.016428300696053943
2025-08-21,-0.004911316333835347,-0.0024472372550051746,-0.0012875305942530169,-0.004011918361787603,-0.011701168929731831
2025-08-22,0.012716805363276906,0.005042903874824978,0.005929802111420912,0.015356692851615561,0.062166209505171155
2025-08-25,-0.002634298654397349,-0.0013559902068676077,-0.005855335195253941,-0.004400967127286992,0.019381771561470362
2025-08-26,0.009464670754514515,0.0012222296430377533,-0.00440250800265396,0.004187036349890816,0.01462783391499567
2025-08-27,0.005145914812596075,0.0009492257970331597,0.009361814233312282,0.0022785132820093423,-0.0058862207330171445
2025-08-28,0.008980837064874292,0.001219579964566675,0.005722875063482347,0.003541457922389135,-0.010354676927882056
2025-08-29,-0.0018060015285241704,-0.0012180944010401484,-0.005788441732677008,-0.00596377589262187,-0.03500206799409333
2025-09-02,-0.010424716908628007,-0.002134371395739909,-0.0030985586346867766,-0.007410295555874247,-0.01350828116207925
2025-09-03,0.03808984120498127,0.003269802500685648,0.00045537194199019027,0.0054195597134076845,0.014361219324440011
2025-09-04,0.005493363876169166,0.0038023189711440253,0.005184547565648234,0.008357456059411517,0.01328983953448204
2025-09-05,-0.00037540658420298634,0.0047348686486037295,-0.025533004123011738,-0.002896337864108256,0.036363092201525005
2025-09-08,-0.007551389041256629,0.003231394205104765,0.006464623177218298,0.0024567323434190325,-0.01265534855703887
2025-09-09,-0.014839416284502027,-0.001879013555192599,0.00042146924473995817,0.002311825610804341,0.001645517708609212
2025-09-10,-0.03225946602106411,0.0017480904938498298,0.003932547586223523,0.0028908542790047065,0.0023633378140295314
2025-09-11,0.014286365271970913,0.0021478223998725454,0.0012790734278176341,0.008310170355944058,0.06043873744853956
2025-09-12,0.01756300955560164,-0.0012058623137453095,0.01774414523211698,-0.0003346129431468503,0.07356092584909457
2025-09-15,0.01123583763910907,0.0018777121210356018,0.010707959006712509,0.005323952420932088,0.03561147147692467
2025-09-16,0.006125935389198034,0.00013363883345363092,-0.012263262823754228,-0.0013767927852816886,0.028241113869250656
2025-09-17,0.003527220020250743,-0.0017396927136743567,0.0019251529153794245,-0.0012424352925486382,0.01005642588937583
2025-09-18,-0.004644573125239804,-0.002547107366003165,-0.003078267683711111,0.004672445142330339,-0.021157139806429193
2025-09-19,0.03203293872010393,0.0004032184643112391,0.018644946824940778,0.004952874775332017,0.02211827056663984
2025-09-22,0.04309567281585802,-0.0018811381601290256,-0.006719029657569653,0.004731100453688075,0.019104804353584415
2025-09-23,-0.006443258425658294,0.002019183295379756,-0.010146780170470104,-0.005443566388828813,-0.019253323313789705
2025-09-24,-0.008332350414175016,-0.0020151144100246654,0.0018065456770510746,-0.003181633452613686,0.03977927016229388
2025-09-25,0.018072966979806315,-0.0010768415402797604,-0.006115801241625585,-0.0046134974884720625,-0.04381307961359793
2025-09-26,-0.005489100657377954,0.0,0.008737088754400935,0.005729144366994232,0.0401756741055197
2025-09-29,-0.004031962461707783,0.0025604666897687256,0.00613926193567127,0.0028103664411398555,0.00638055766924972
2025-09-30,0.0007861150085717306,-0.0004034289672945057,0.006510017339799168,0.0037668667591119753,0.0034069849388267404
2025-10-01,0.003220341689918804,0.0025224223509616728,0.0033979607738821027,0.0034074772846366397,0.033144428390707636
2025-10-02,0.00657662791005964,0.0010765476869663004,-0.007638979219349085,0.001151803537192908,-0.051059922281332826
2025-10-03,0.003461279462880995,-0.0012096825805498757,0.0031217278987927255,-1.4767362221612679e-05,-0.014151406944344913
2025-10-06,-0.005154576259537191,-0.0022876300329330856,0.02168765904212222,0.003586228910336109,0.054486690457546505
2025-10-07,-0.0008181444267610916,0.001888163528817044,-0.008683906700529431,-0.003707492250961897,-0.044478772558432134
2025-10-08,0.006160270999708617,0.0,0.001660362669058335,0.005963052412792269,0.012930352007360923
2025-10-09,-0.015577801150541859,-0.0006729681594845882,-0.004667933745094888,-0.0028970083792374535,-0.007180455170972544
2025-10-10,-0.034522045132806656,0.003906558896817236,-0.02189895346520776,-0.02702782789908964,-0.05062684914805626
2025-10-13,0.009744359001401026,0.0016103828739226778,0.006047450965292578,0.015344074693208754,0.054197209585187034
2025-10-14,0.0004441421356069508,0.0014737237523023694,-0.0009338503679007237,-0.0012216548034567065,-0.015278742269702716
2025-10-15,0.006336473629484196,-0.0006688412098914132,-0.0002725107645331626,0.004439523175783,0.013768529951932784
2025-10-16,-0.007579986804138628,0.003748331088263779,-0.003544859011397894,-0.006810261153983976,-0.01470755828163206
2025-10-17,0.019559457191237417,-0.0013337872290809516,0.003850671086669477,0.0056763938002961645,0.02462973191508744
2025-10-20,0.0394388237214669,0.001335568593414438,0.0062500824169315905,0.010400475399621634,0.018483519979771268
2025-10-21,0.002021049273656983,0.0012003252225494254,0.0016835817454483593,-1.4904481475785936e-05,-0.010794954856246375
2025-10-22,-0.016440179021178225,0.0,0.0055634361363350315,-0.0051989069274410715,-0.008201547294971134
2025-10-23,0.004372053262009956,-0.001998178275309237,3.8501348547992365e-05,0.005929891190499692,0.022803402824313368
2025-10-24,0.012481779466614773,0.001334751261272693,0.00585904386582925,0.008172571104630766,-0.03398817183887881
2025-10-27,0.02279127405766279,0.0005330431614090081,0.015106808844357555,0.011797712023148943,0.043115401997602554
2025-10-28,0.0007068103233436318,0.0005329671649589862,0.019848571819303773,0.002655998956591077,0.017969970655449252
2025-10-29,0.0026022346664624774,-0.004926462685875266,-0.0009593537042699163,0.0004803870398957244,0.0020845119924046696
2025-10-30,0.006303229091240592,-0.0017398699604667112,-0.029156935182629407,-0.010998143937076876,-0.04639120107705208
2025-10-31,-0.003795042898427692,-0.00026796980280618943,-0.01512103683912347,0.0032800997320787673,0.03740057084027071
2025-11-03,-0.004882257880291285,-0.0011570481133155175,-0.0015062732980567484,0.0018767772528909266,0.02586735066967427
2025-11-04,0.003679658451690937,0.0005387999347403749,-0.005222061797499733,-0.011853539942447533,-0.05147636612701911
2025-11-05,0.0003703646251622672,-0.0028268098280235243,-0.013940547578869977,0.003465389196996238,0.040089130615176494
2025-11-06,-0.0013697625428008564,0.003914686016954549,-0.019835950877711617,-0.010729333212666003,-0.034973063401560256
2025-11-07,-0.0048188791892468386,-0.0005378259216193282,-0.0005632641778654524,0.0009845075813768034,-0.03675632866235745
2025-11-10,0.004548721603090611,-0.00026900533132978577,0.01847754503178778,0.015604343307994428,0.03657576451501576
2025-11-11,0.02160110352909128,0.0028258395015299254,0.00529640782497709,0.0022892399865568347,-0.01260026442672324
2025-11-12,-0.0064667915516215535,-0.0004024792302967928,0.0048360784124728,0.0005564884786124491,-0.02051769508633805
2025-11-13,-0.0019014401037990014,-0.0029533294360859497,-0.015357852274828332,-0.016594019980226582,-0.06644220962287406
2025-11-14,-0.00197847614027602,-0.0014809339573851332,0.013689946462120961,-0.00016376876033719068,0.005870832424868633
2025-11-17,-0.01817114312581336,0.0005391389262081603,-0.005272654964164958,-0.009316433429244597,0.011302107716671506
2025-11-18,-7.469218596389826e-05,0.0008086396096049775,-0.02699557164947486,-0.00839755277010068,-0.018756757252943457
2025-11-19,0.004187757744410714,-0.00040388834996363254,-0.01350779898552179,0.00386320014283692,0.006828636098130891
2025-11-20,-0.00860139398019577,0.0014818367564690682,-0.016001348276606597,-0.015242245459799575,-0.02168365419886953
2025-11-21,0.01968065895668869,0.0024211407639977978,-0.01318895836861611,0.009961222976632822,-0.010474950113494086
2025-11-24,0.016317525903571717,0.0017447030914372608,0.003982067479795015,0.014718507062180475,0.0682451678419993
2025-11-25,0.0038054245067611348,0.002277160287633695,0.006307939090366865,0.009405991442055894,0.0038776272725380423
2025-11-26,0.002094015298321983,0.0010692863888566162,0.01784106796189966,0.006903483450626968,0.017119677587676296
2025-11-28,0.0046838874009274,-0.001602164417760621,0.013408926747197292,0.005458406338614941,0.008415835173881447
2025-12-01,0.01524118957389331,-0.003903843634842308,-0.01071121950431042,-0.004565505423429594,-6.973703038437584e-05
2025-12-02,0.010914820528252767,0.0009426541443202652,0.006697657758429676,0.001852299674079072,-0.0020923987153301793
2025-12-03,-0.007128107299873898,0.0014803211000748995,-0.02504083083412756,0.0034627677932603795,0.04076973347810542
2025-12-04,-0.012141483369261685,-0.0018810612465539611,0.006509927133071081,0.0007310561539983773,0.017437455153354264
2025-12-05,-0.006840070477014848,-0.0012114804290843662,0.004824912832363637,0.0018995368427094927,0.0010340378456106247
2025-12-08,-0.0031924534677664207,-0.0014826104479458424,0.01626790556904023,-0.0030042775146746914,-0.033890139401614006
2025-12-09,-0.0025550193698475887,-0.0006746289985375409,0.0020365533068591457,-0.0008630551776172002,0.01271674558948499
2025-12-10,0.005772445948890148,0.0029713142013672034,-0.027356619467261645,0.006632177546088913,0.01410696720325344
2025-12-11,-0.0026902907054526803,0.0,0.010259979343901993,0.002326948130527251,-0.010100780674035303
2025-12-12,0.0008992558753764257,-0.0030972329804922483,-0.010217781958397731,-0.01075196892753394,0.027008830833098685
2025-12-15,-0.014985035929685031,0.0012157352280575129,-0.007752945826024926,-0.0015108877827512135,0.035624033484225714
2025-12-16,0.0018241206270945831,0.001888824098181141,0.003306541643073313,-0.00273229759527871,0.030653694218629735
2025-12-17,-0.010086976563313366,-0.00026944266411543794,-0.0005668130933824678,-0.011003620102041367,-0.04617456293730249
2025-12-18,0.0012875132341483297,0.0021220672323631895,0.01650851077648796,0.0075513325776148665,0.034477560704677446
2025-12-19,0.005437456457254575,-0.0014835732725393402,0.004008420178750471,0.009063445479451815,-0.004489279293453219
2025-12-22,-0.0098660198257976,-0.0002702837290134985,-0.0020579280335144556,0.006229892278320159,0.015648376118613028
2025-12-23,0.005129726100470355,-0.00013491733806836326,0.003980023810253641,0.004570454818432879,-0.00648622625268469
2025-12-24,0.0053238158353827725,0.0024320773953512287,0.0024031254578502637,0.0035176203055324873,-0.00032952397832164415
2025-12-26,-0.0014973530252399003,0.0,-0.000635160515604416,-0.00010141503224314619,-0.021034181259704576
2025-12-29,0.0013168132449112857,0.0014825651690535402,-0.001250745693541444,-0.003563628207054803,-0.03272372674735757
2025-12-30,-0.002483993295382736,-0.00040374684563027063,0.0007801596803003186,-0.0012211007345822589,-0.01133500523587172
2025-12-31,-0.004467601499789753,-0.002692802202365452,-0.007918308222643278,-0.007408967373390696,-0.010364613980130888
2026-01-02,-0.003126523879828924,-0.0004050005092508524,-0.022083435687120456,0.0018330397334518356,-0.025904993918131614
2026-01-05,-0.013837113287258118,0.0018908377365360884,-0.0001903375156925291,0.006660113816063129,0.03104528015187813
2026-01-06,-0.018334308830022295,0.0,0.011970000253572977,0.005947183373089304,-0.041424095947095174
2026-01-07,-0.00773747740562758,0.0010784693237997356,0.010365499243197629,-0.0032233567922274053,-0.0035799792672750463
2026-01-08,-0.004955108337700187,-0.0017506506781052034,-0.011086551233978836,-0.00010153268198576093,0.010175897854927118
2026-01-09,0.0012738954148727721,0.002158393554599014,0.0024471834263524173,0.006613342394092614,0.021133598509946783
2026-01-12,0.0033928502238405045,-0.000942133347816454,-0.00438162996992264,0.0015704538117717881,0.00887616368794375
2026-01-13,0.0030738623692765366,0.0008082597670449054,-0.013642593572847694,-0.0019994751058702853,-0.003920124914344236
2026-01-14,-0.0041753602144793955,0.0020194857954403123,-0.023987065591537404,-0.0049152373416185835,-0.017889087168218576
2026-01-15,-0.00673187624656213,-0.0014780961274463156,-0.005921024377300688,0.0027232143965294497,-0.0014344373071547567
2026-01-16,-0.010379073276537754,-0.001614552858093421,0.007007346870100184,-0.0008378739908954103,-0.0024397640202232784
2026-01-20,-0.03455563492367564,-0.0036387228447416486,-0.011612253703628728,-0.020356785723545046,-0.041714285714285704
2026-01-21,0.003850831106810837,0.002840476624617061,-0.022903278470751354,0.011541079202094462,0.02907573629435012
2026-01-22,0.0028266120532465244,0.0004046181305621399,0.015829449808587803,0.005223230019727687,0.041535283721378935
2026-01-23,-0.001248289505752398,0.001078614758513785,0.032827950848620446,0.0003627802397405677,-0.0006675890216037983
2026-01-26,0.029712962519965025,0.0012120561012394226,0.009292820813103786,0.005078147060609828,-0.030864440001146964
2026-01-27,0.011197578028024235,-0.000807059199799065,0.02190185886971885,0.003984264729684606,-0.009880556502607218
2026-01-28,-0.007085445328186779,-0.0004038555352245954,0.0021848569201308177,-0.00010066990364987483,0.0012995998294869082
2026-01-29,0.007175077196164281,0.00013470760070455334,-0.09993146244609463,-0.0019843824489698125,-0.03453389466363932
2026-01-30,0.0046461394466286166,-0.0004040683710330173,-0.007404862064634643,-0.0029825802604032114,0.033248526466028494
2026-02-02,0.04058122413384724,-0.0010135990335925493,-0.01608216420757036,0.004971362130935519,-0.019980962408733927
2026-02-03,-0.0019629122599374993,0.0002705951185100197,-0.028721958392058156,-0.00845539643070059,0.0003555958781265023
2026-02-04,0.026012954335186356,-0.00040578287489978493,0.00724696002125591,-0.004843921678897134,-0.03779974882085746
2026-02-05,-0.0020976508564164442,0.0043301077491686435,-0.04954246909318927,-0.012489211256201727,-0.02167438757390938
2026-02-06,0.008009793893585249,0.00013483626113486302,0.018975241101618856,0.019184711840951385,0.03499406912088299
2026-02-09,-0.01166051394653178,0.0002694285934312646,0.03106151286708836,0.004821832103010459,0.015105500216312295
2026-02-10,-0.003422920610733904,0.002962812475292509,-0.0007979599440377516,-0.002637160432080843,0.018906316477488305
2026-02-11,0.0066501292492171515,-0.0020140990033784556,-0.02153555363583015,-0.00023105881441631837,0.00719643851293883
2026-02-12,-0.049981811301894274,0.004574843203321022,-0.006256627631262779,-0.0154488742279012,-0.026151684630639993
2026-02-13,-0.022733396848946263,0.0029465419587884067,-0.001294005019369382,0.0007044854938154099,0.0008871295242764976
2026-02-17,0.031667863563111576,-0.00013344203492005047,-0.011113366274641767,0.0016134664707250224,-0.016313715788533356
2026-02-18,0.0017811172199722058,-0.0010686048424829453,0.0069042090703643755,0.005037758541617032,0.0016803507615161806
2026-02-19,-0.014261469431454121,0.0004011168642756857,-0.0005769168650320289,-0.0026374339404172664,0.0009481282794785439
2026-02-20,0.015350373037534393,-0.00013365201134951654,-0.0030868355547025716,0.007231864589122949,0.00026721690370390405
2026-02-23,0.006047343656806037,0.002138718025557873,-0.032122471647954565,-0.010211314710874664,-0.02911471161845114
2026-02-24,0.022390946489790453,-0.0005335384181572866,0.01178245055508631,0.00726845293039502,0.023885197787236967
2026-02-25,0.007679856784716499,-0.000266808800187035,0.029820067104153303,0.008438348943581309,0.019590573349979934
2026-02-26,-0.004667610137537803,0.0014683028313655644,0.002795794059219592,-0.005554476391621099,-0.021130827631028026
2026-02-27,-0.03213049693728531,0.00199953829160493,-0.022353905603506474,-0.004801943258527341,-0.014856275407819197
2026-03-02,0.002044093269336189,-0.0040298367803366375,0.014793496213936441,0.0005685787823312971,0.0020123662491409178
2026-03-03,-0.0036642536122324376,-0.0010717337152814643,0.013498946299321801,-0.00881433848279567,-0.027000928420799042
2026-03-04,-0.004663548763329417,-0.0006706166087937504,0.0031441575378865494,0.007055308353084655,0.03442654745501739
2026-03-05,-0.00849451684471103,-0.0022817296490023065,0.013524136978431578,-0.005575546846393831,-0.0009607691927179252
2026-03-06,-0.010872553678353492,-0.0013450993450764281,-0.004188178755669458,-0.013107135070836495,-0.021748186591348473
2026-03-09,0.009399570838394267,0.0028286270590596185,0.0011003819846291396,0.008760025013039074,0.004915135319874642
2026-03-10,0.0036554627966916,-0.00308918834629901,-0.008915253325116002,-0.0016071269053671289,0.0014046291985589932
2026-03-11,-7.663617950748325e-05,-0.004446241867485767,-0.002168781697636457,-0.0012551629285171284,0.02149087591352461
2026-03-12,-0.019362766377938767,-0.003654062284439097,-0.007459048347235875,-0.015184948869363502,-0.0314109100302421
2026-03-13,-0.022051921765652294,-0.000950850898879585,-0.015701980263283954,-0.005660109501006372,-0.009645319015723963
2026-03-16,0.01079486750256109,0.003806814651443169,0.011123813803188831,0.010176866111483163,0.011145156481373153
2026-03-17,0.005577044389181163,0.0020318464439670336,-0.001350190094862147,0.00263055486997521,0.00937908655570907
2026-03-18,-0.016874457610149274,-0.0040552451886789465,-0.019078127856892224,-0.013953645387120184,-0.016254640751756533
2026-03-19,-0.0039209238936004365,0.0010859061536072634,-0.007070163788856276,-0.0024643404851918405,-0.031773539959046415
2026-03-20,-0.003896213024359052,-0.00799910281093208,-0.018379502592174246,-0.01433577587250423,-0.03244805872728118
2026-03-23,0.01411347200480817,0.003826690343755601,0.002959135038786531,0.01050001924493782,0.035031022251806876
2026-03-24,0.0005964209042430557,-0.002586645730340509,-0.02678853724706265,-0.0033568497522664664,0.005724019012326664
2026-03-25,0.00389443542328749,0.003821883897092926,-0.004560770869753483,0.0055727589473859585,0.007623458833617258
2026-03-26,0.0010688159198788405,-0.005847087140857576,-0.013664314379738696,-0.017858744158138706,-0.03585963575004303
2026-03-27,-0.016173025219509918,0.0,-0.02513870584021738,-0.017051883523327982,-0.027626237359861583
2026-03-30,-0.008721857485242457,0.005060881225562586,0.0061384155305796995,-0.0033434623831846144,-0.018102390725044493
2026-03-31,0.029031294901536553,0.0021774099389444412,0.031229168262500107,0.02906792569891481,0.04635780589195071
2026-04-01,0.007250134541771258,0.00040875279602969883,-0.0021612185793732364,0.007534463782890022,0.025581734406523227
2026-04-02,0.0011344258521832629,0.0021792979518269195,0.011072898156205158,0.0009004744280911581,-0.05421500524128142
2026-04-06,0.011487914987700076,-0.001494924746091697,-0.0015530085833448393,0.004726797348638012,-0.021547988276388597
2026-04-07,-0.020706117804507373,0.0014971628919477897,-0.0015822686391459007,0.0004400741058487867,-0.017487708462248674
2026-04-08,0.02130175107094434,0.0019027260686164116,0.005479540091115842,0.025469554638327674,-0.009808146419583275
2026-04-09,0.006141353323192211,0.0004069230285208558,-0.0033659586280665454,0.00576909117108837,0.006904574267115882
2026-04-10,-3.8309525974056235e-05,-0.0014915825897822144,-0.005897049250381703,-0.0006617805145495703,0.009634908676839249
2026-04-13,-0.004914000020385667,0.0021727872610199928,0.036400895671633515,0.009772397784351794,0.009944121218842028
2026-04-14,-0.001427567968129817,0.002439099018645363,0.022738482049594833,0.01218488075237012,0.033426021027357145
2026-04-15,0.029362927395561567,-0.0013518154213737477,0.04606857252161789,0.007890994867038925,0.07619439612820589
2026-04-16,-0.011372588907376024,-0.0014889580257023693,0.0219833872819577,0.002457311622604319,-0.007781651270713286
2026-04-17,0.025930209749845057,0.003931165689305516,0.0060200797613549906,0.012085685130224011,0.03013628543234881
2026-04-20,0.010435468645202839,-0.0006750226428702266,-0.011163937475598296,-0.001999667552905704,-0.02026857175416885
2026-04-21,-0.025196757637106715,-0.0031077600918427706,0.014566929536200313,-0.006546949154936255,-0.015490411649084379
2026-04-22,0.026298980526972437,0.0010842802499768656,0.02065260677572822,0.010126696838070659,0.0028207553957204645
2026-04-23,0.0009517122497622044,-0.0017600599765594804,-0.03966093711350327,-0.0038807239498251933,-0.03558619957523779
2026-04-24,-0.008667648687676,0.0017631632496273308,0.021334925116506254,0.007749297960024215,0.0069035282132035025
2026-04-27,-0.012727854490168666,-0.0016247106078149942,0.00047103812663373823,0.0017228064887020444,0.0062982346841573555
2026-04-28,0.011584044965448959,-0.00027113926032129587,0.010427928533037312,-0.004865948728146163,-0.006998242057971282
2026-04-29,-0.0019946734305643643,-0.004476464813877645,-0.011159018159398681,-0.00015454109399481997,-0.008563377785179682
2026-04-30,0.004367593060422559,0.0014988993191487054,-0.039296972651300055,0.009949627427204177,0.02368566893502022
